cust_id,Count,cosine,anomaly,propensity
91667,3,1,1,1
28742,3,1,1,1
24860,3,1,1,1
51067,3,1,1,1
16078,3,1,1,1
13089,3,1,1,1
94292,3,1,1,1
38415,3,1,1,1
73556,3,1,1,1
57070,3,1,1,1
85707,3,1,1,1
93837,3,1,1,1
61998,3,1,1,1
75006,2,0,1,1
34989,2,0,1,1
66360,2,0,1,1
92997,2,1,0,1
33124,2,0,1,1
74208,2,0,1,1
89771,2,0,1,1
34806,2,0,1,1
23240,2,1,0,1
90347,2,1,0,1
52646,2,0,1,1
45104,2,1,0,1
44464,2,1,0,1
91227,2,0,1,1
53614,2,0,1,1
35232,2,1,0,1
82159,2,0,1,1
21817,2,0,1,1
53215,2,1,0,1
67036,2,0,1,1
92534,2,1,1,0
93074,2,1,0,1
83350,2,1,0,1
50813,2,0,1,1
83812,2,0,1,1
84708,2,0,1,1
31177,2,0,1,1
73401,2,1,0,1
29808,2,0,1,1
84123,2,0,1,1
47017,2,1,1,0
31588,2,0,1,1
46848,2,0,1,1
86364,2,0,1,1
28113,2,0,1,1
71424,2,0,1,1
27728,2,0,1,1
27471,2,1,0,1
45542,2,1,0,1
27438,2,0,1,1
87595,2,0,1,1
87642,2,0,1,1
32551,2,0,1,1
49565,2,1,0,1
70822,2,0,1,1
70677,2,0,1,1
70412,2,0,1,1
83580,2,0,1,1
50269,2,0,1,1
25684,2,0,1,1
36231,2,0,1,1
36031,2,1,0,1
47511,2,0,1,1
40717,2,1,0,1
96800,2,0,1,1
11332,2,0,1,1
64196,2,0,1,1
99125,2,1,0,1
96273,2,0,1,1
79840,2,0,1,1
58705,2,0,1,1
96596,2,1,0,1
96675,2,0,1,1
40240,2,1,1,0
14265,2,0,1,1
95492,2,0,1,1
39232,2,0,1,1
79266,2,0,1,1
57791,2,1,0,1
13753,2,1,0,1
57866,2,0,1,1
39359,2,0,1,1
11822,2,1,0,1
41819,2,0,1,1
98417,2,0,1,1
39527,2,1,0,1
62754,2,0,1,1
17445,2,0,1,1
18881,2,1,1,0
19738,2,1,1,0
19724,2,0,1,1
81031,2,0,1,1
75718,2,0,1,1
60306,2,0,1,1
44004,2,1,0,1
56387,2,0,1,1
94226,2,0,1,1
41075,2,0,1,1
54518,2,0,1,1
18781,2,1,1,0
18725,2,0,1,1
94532,2,1,0,1
20832,2,0,1,1
80319,2,0,1,1
41136,2,0,1,1
18021,2,0,1,1
36695,2,1,0,1
73588,1,0,0,1
73534,1,0,1,0
77682,1,0,1,0
77795,1,0,1,0
77783,1,0,0,1
77751,1,0,0,1
75108,1,0,1,0
74131,1,0,0,1
73658,1,0,0,1
73696,1,0,0,1
73257,1,0,0,1
74958,1,0,1,0
74861,1,0,0,1
75763,1,0,1,0
75927,1,0,1,0
74794,1,0,1,0
76109,1,0,0,1
74772,1,0,1,0
76477,1,0,1,0
77044,1,0,0,1
75457,1,0,0,1
73834,1,0,1,0
77302,1,0,0,1
77512,1,0,0,1
77634,1,0,1,0
10227,1,0,1,0
69568,1,0,1,0
73099,1,0,0,1
65770,1,0,1,0
65701,1,0,0,1
65532,1,0,0,1
65386,1,0,0,1
65111,1,0,1,0
65064,1,0,1,0
64830,1,0,0,1
64572,1,0,0,1
64468,1,0,1,0
64407,1,0,1,0
64031,1,1,0,0
63966,1,0,0,1
63941,1,1,0,0
63910,1,1,0,0
63642,1,1,0,0
63464,1,0,1,0
63419,1,0,1,0
63353,1,0,1,0
63230,1,0,1,0
63069,1,0,1,0
62640,1,0,0,1
62527,1,0,0,1
62404,1,0,1,0
62393,1,0,0,1
62391,1,0,1,0
62362,1,0,1,0
62212,1,0,0,1
61889,1,0,1,0
61838,1,0,0,1
61746,1,0,1,0
65761,1,0,1,0
66168,1,0,1,0
72546,1,0,1,0
66409,1,0,0,1
72373,1,0,1,0
72370,1,0,1,0
72360,1,1,0,0
72327,1,0,1,0
72168,1,0,1,0
72152,1,0,0,1
72034,1,0,0,1
71353,1,0,0,1
71324,1,0,1,0
71283,1,1,0,0
71244,1,1,0,0
70879,1,0,0,1
70075,1,0,1,0
69629,1,0,0,1
78055,1,0,0,1
69233,1,0,0,1
69095,1,0,0,1
68872,1,0,0,1
68651,1,0,1,0
68641,1,0,0,1
68494,1,0,0,1
68380,1,0,1,0
68033,1,0,0,1
67707,1,0,0,1
67406,1,0,1,0
67376,1,0,0,1
67083,1,1,0,0
66602,1,0,0,1
66566,1,0,0,1
78009,1,1,0,0
82127,1,0,0,1
78166,1,1,0,0
92543,1,1,0,0
95045,1,0,1,0
94190,1,0,1,0
94128,1,0,0,1
93703,1,0,1,0
93687,1,1,0,0
93680,1,0,0,1
93295,1,0,1,0
93121,1,0,1,0
93078,1,0,1,0
93056,1,0,0,1
93045,1,0,0,1
92602,1,0,0,1
92569,1,0,0,1
92441,1,0,1,0
95304,1,0,0,1
92130,1,0,1,0
92008,1,0,0,1
91921,1,0,0,1
91835,1,0,1,0
91655,1,0,0,1
90932,1,0,1,0
90670,1,0,1,0
90584,1,0,1,0
90327,1,0,1,0
90063,1,0,0,1
89730,1,0,1,0
89595,1,1,0,0
89447,1,0,0,1
95134,1,0,1,0
95313,1,1,0,0
89230,1,0,0,1
98423,1,0,0,1
99920,1,0,0,1
99856,1,0,1,0
99718,1,0,1,0
99666,1,0,1,0
99375,1,0,0,1
99372,1,0,0,1
99297,1,0,1,0
99262,1,0,0,1
99088,1,0,1,0
98989,1,0,1,0
98653,1,0,1,0
98645,1,1,0,0
98519,1,0,0,1
98276,1,0,0,1
95687,1,0,1,0
98178,1,0,1,0
97476,1,1,0,0
97465,1,1,0,0
97399,1,0,1,0
97263,1,0,1,0
97111,1,0,1,0
96870,1,0,0,1
96524,1,0,1,0
96412,1,0,0,1
96305,1,0,0,1
96299,1,0,1,0
95986,1,0,1,0
95688,1,0,0,1
89379,1,0,1,0
89135,1,0,1,0
78711,1,0,0,1
81107,1,0,1,0
83623,1,1,0,0
83406,1,0,0,1
83383,1,0,0,1
83239,1,1,0,0
83188,1,0,1,0
82790,1,0,1,0
82729,1,0,1,0
82257,1,0,0,1
61235,1,0,1,0
81592,1,0,0,1
81472,1,0,0,1
81404,1,0,0,1
81273,1,0,1,0
81056,1,0,1,0
83841,1,1,0,0
80742,1,0,0,1
80723,1,0,0,1
80282,1,0,1,0
80009,1,0,1,0
79866,1,0,1,0
79809,1,0,0,1
79755,1,0,0,1
79676,1,0,0,1
79660,1,0,1,0
79615,1,0,1,0
79259,1,0,0,1
79086,1,0,0,1
78878,1,1,0,0
83815,1,0,1,0
83862,1,0,1,0
89061,1,0,0,1
86662,1,0,0,1
89007,1,1,0,0
88574,1,1,0,0
88483,1,0,1,0
88402,1,0,0,1
88075,1,0,1,0
88065,1,0,1,0
87954,1,0,1,0
87912,1,0,0,1
87905,1,0,1,0
87562,1,0,0,1
87517,1,0,0,1
87512,1,0,0,1
87162,1,0,0,1
86516,1,0,1,0
84010,1,0,1,0
86493,1,0,0,1
86353,1,0,0,1
86336,1,0,0,1
86263,1,0,0,1
86161,1,0,1,0
85971,1,0,0,1
85341,1,0,1,0
85174,1,0,0,1
85089,1,0,0,1
84936,1,0,0,1
84255,1,0,1,0
84033,1,0,1,0
84032,1,0,1,0
61687,1,0,0,1
56373,1,0,1,0
60900,1,0,1,0
25435,1,0,0,1
27841,1,0,0,1
27506,1,0,1,0
27486,1,0,1,0
27472,1,0,1,0
27041,1,1,0,0
26978,1,0,0,1
26465,1,0,1,0
26223,1,0,0,1
26204,1,0,1,0
26148,1,0,1,0
25919,1,0,1,0
25879,1,0,1,0
25876,1,0,0,1
25875,1,0,1,0
25247,1,0,1,0
22689,1,0,1,0
25111,1,0,1,0
25006,1,0,0,1
24695,1,0,0,1
24359,1,0,1,0
24070,1,0,0,1
23808,1,0,1,0
23673,1,1,0,0
23465,1,0,0,1
23244,1,0,1,0
23070,1,0,1,0
22953,1,0,0,1
22926,1,1,0,0
22874,1,0,0,1
22819,1,0,1,0
27927,1,0,0,1
28064,1,0,0,1
28331,1,0,1,0
28418,1,0,0,1
34731,1,0,1,0
34555,1,0,1,0
34348,1,0,0,1
33082,1,0,1,0
32934,1,0,1,0
32787,1,0,1,0
32728,1,1,0,0
32671,1,0,1,0
32532,1,0,0,1
32489,1,0,1,0
32338,1,0,1,0
32111,1,0,1,0
32107,1,0,1,0
32054,1,0,1,0
31840,1,0,1,0
31568,1,0,0,1
31542,1,0,1,0
31395,1,0,1,0
30958,1,0,1,0
30679,1,0,1,0
30517,1,0,1,0
30437,1,1,0,0
30238,1,1,0,0
29986,1,0,0,1
29905,1,0,1,0
29577,1,0,0,1
29496,1,0,1,0
29107,1,0,1,0
28431,1,1,0,0
22760,1,0,1,0
22570,1,0,0,1
60843,1,0,0,1
12770,1,0,0,1
15423,1,0,1,0
15239,1,1,0,0
15036,1,0,0,1
14979,1,0,1,0
14815,1,0,1,0
14751,1,0,1,0
14348,1,0,0,1
14136,1,0,0,1
13916,1,0,0,1
13760,1,0,1,0
13748,1,0,1,0
13638,1,0,0,1
13543,1,1,0,0
13472,1,0,1,0
12732,1,0,1,0
22551,1,0,1,0
12283,1,0,1,0
11777,1,1,0,0
11719,1,0,1,0
11675,1,0,0,1
11460,1,0,1,0
11393,1,0,1,0
11376,1,0,0,1
11236,1,0,1,0
11065,1,0,0,1
10762,1,0,1,0
10553,1,0,1,0
10456,1,0,1,0
10353,1,1,0,0
10341,1,0,0,1
15508,1,0,0,1
15626,1,0,1,0
16053,1,0,0,1
16451,1,0,1,0
22397,1,0,1,0
22393,1,0,1,0
22365,1,0,0,1
22086,1,0,0,1
22019,1,1,0,0
21985,1,0,0,1
21742,1,0,1,0
21661,1,0,0,1
21609,1,0,1,0
21558,1,0,1,0
21523,1,1,0,0
21385,1,1,0,0
21149,1,0,1,0
20947,1,0,1,0
20801,1,0,0,1
20792,1,0,0,1
20595,1,0,0,1
20003,1,0,1,0
19523,1,0,0,1
19180,1,0,0,1
19179,1,1,0,0
18713,1,0,0,1
18670,1,1,0,0
18333,1,0,0,1
18252,1,0,1,0
18084,1,0,1,0
17963,1,0,1,0
16770,1,0,0,1
16755,1,0,1,0
35061,1,0,1,0
35341,1,0,0,1
35582,1,0,0,1
51674,1,0,0,1
54096,1,0,0,1
53887,1,0,1,0
53745,1,0,0,1
53459,1,0,0,1
53315,1,0,0,1
53289,1,0,0,1
53250,1,0,0,1
52827,1,0,1,0
52767,1,1,0,0
52726,1,0,1,0
51962,1,0,0,1
51868,1,0,0,1
51814,1,0,0,1
51797,1,0,1,0
51256,1,0,0,1
35694,1,0,0,1
51143,1,0,1,0
50754,1,0,1,0
50543,1,0,0,1
50527,1,0,1,0
50504,1,0,0,1
50099,1,0,1,0
49991,1,0,1,0
49825,1,1,0,0
49700,1,0,1,0
49199,1,0,0,1
49143,1,0,0,1
49122,1,0,1,0
48951,1,0,0,1
48890,1,0,0,1
54175,1,0,1,0
54342,1,0,1,0
54506,1,0,0,1
55191,1,0,1,0
60344,1,0,0,1
60290,1,0,0,1
60086,1,0,1,0
60040,1,0,0,1
59867,1,0,1,0
59588,1,0,1,0
59541,1,0,0,1
58453,1,0,0,1
58380,1,0,0,1
58306,1,0,1,0
58219,1,0,1,0
58202,1,0,0,1
58144,1,0,1,0
58042,1,0,0,1
57884,1,0,0,1
57719,1,0,0,1
57491,1,0,0,1
57480,1,0,0,1
57450,1,0,1,0
57306,1,0,0,1
56946,1,0,1,0
56869,1,1,0,0
56805,1,0,0,1
56800,1,0,1,0
10304,1,1,0,0
56322,1,0,1,0
56077,1,0,1,0
56006,1,1,0,0
55658,1,0,0,1
48719,1,0,1,0
48398,1,0,1,0
48384,1,0,1,0
41888,1,1,0,0
41721,1,1,0,0
41700,1,0,1,0
41489,1,0,0,1
41483,1,0,1,0
41479,1,0,0,1
41184,1,0,1,0
40982,1,0,1,0
40973,1,0,1,0
40423,1,0,0,1
40239,1,0,1,0
40173,1,0,1,0
39465,1,0,0,1
39436,1,0,0,1
39340,1,0,0,1
39004,1,0,1,0
38859,1,0,0,1
38385,1,0,1,0
37918,1,0,0,1
37904,1,0,0,1
37883,1,0,0,1
37762,1,0,1,0
37761,1,0,0,1
37681,1,0,0,1
36859,1,0,1,0
36616,1,0,0,1
36562,1,0,1,0
36299,1,0,1,0
36000,1,0,1,0
35786,1,0,0,1
41774,1,0,0,1
41957,1,0,0,1
48166,1,0,1,0
42188,1,0,0,1
48120,1,0,1,0
48025,1,0,1,0
47894,1,0,1,0
47855,1,0,0,1
47771,1,0,1,0
47519,1,0,1,0
47412,1,0,1,0
47242,1,0,0,1
46731,1,0,0,1
46684,1,1,0,0
46636,1,1,0,0
46303,1,0,1,0
46201,1,0,1,0
46174,1,0,1,0
45696,1,0,1,0
45385,1,0,0,1
45307,1,0,0,1
45207,1,1,0,0
44817,1,0,1,0
44678,1,0,0,1
44639,1,0,0,1
44225,1,0,0,1
44059,1,0,0,1
43765,1,0,0,1
43582,1,0,1,0
43039,1,0,0,1
42793,1,0,0,1
42289,1,0,0,1
42195,1,0,1,0
99927,1,0,0,1
